{"cameraMode":{"drawMode":0,"name":"Shaded","section":"Shading Mode"},"sceneLighting":true,"audioPlay":false,"sceneViewState":{"showFog":true,"showMaterialUpdate":false,"showSkybox":true,"showFlares":true,"showImageEffects":true,"showParticleSystems":true},"in2DMode":false,"pivot":{"x":-5.4794921875,"y":9.962562561035157,"z":-5.454989910125732},"rotation":{"x":-0.34509769082069399,"y":-0.5862946510314941,"z":0.303229957818985,"w":-0.667246401309967},"size":5.181351661682129,"orthographic":false}